[
  {
    "id": "DET_GOTTMAN_DEFENSIVENESS",
    "module": "detectors/gottman_defensiveness.py",
    "file_path": "markers/atomic/ATO_GOTTMAN_DEFENSIVENESS.yaml",
    "fires_marker": "ATO_GOTTMAN_DEFENSIVENESS",
    "last_updated": "2025-08-19",
    "schema_version": "LD-3.2"
  },
  {
    "id": "DET_GOTTMAN_CONTEMPT",
    "module": "detectors/gottman_contempt.py",
    "file_path": "markers/atomic/ATO_GOTTMAN_CONTEMPT.yaml",
    "fires_marker": "ATO_GOTTMAN_CONTEMPT",
    "last_updated": "2025-08-19",
    "schema_version": "LD-3.2"
  },
  {
    "id": "DET_CONFLICT_MACRO",
    "module": "detectors/sem_conflict_macro.py",
    "file_path": "markers/semantic/SEM_CONFLICT_MACRO.yaml",
    "fires_marker": "SEM_CONFLICT_MACRO",
    "last_updated": "2025-08-19",
    "schema_version": "LD-3.2"
  },
  {
    "id": "DET_HOSTILE_DETACHED",
    "module": "detectors/clu_hostile_detached.py",
    "file_path": "markers/cluster/CLU_HOSTILE_DETACHED.yaml",
    "fires_marker": "CLU_HOSTILE_DETACHED",
    "last_updated": "2025-08-19",
    "schema_version": "LD-3.2"
  }
]